105,JORGE.PERLAS
106,MAURICIO
107,JVILACA
109,WELITON.GAMA
110,MICHEL.LIMA
112,RAFAEL.WILLIAN
114,ROBSON.RIBEIRO
123,LUCAS.GOMES
151,FABIO.FOLTRAN
219,FELIPE.HENSLER
221,MARCELO.CAMASMIE
287,diego.glauco
289,casseano
314,vanessa.briques
322,fila.projeto.rafael
342,EQUIPROJETOS
342,fila298
342,fila3
342,fila295
342,fila_analise
346,INFRAESTRUTURA BHE
351,cicero.bruscato
373,douglas.oliveira
375,daniel.belli
379,g.tirico
380,jefferson.machado
381,daniel.arakaki
382,adalberto.lima
486,FILA - DESENV ROADMAP
545,brendo.smith
660,renan.elias
661,luiz.farias
662,thiago.lisboa
663,darlene.sola
